{
    "id": 8,
    "title": "How to earn money from NFT?",
    "published_at": "25-JUN-2022 10:03:00",
    "categories": ["development", "art", "Condolance"],
    "tags": ["digitalart", "cryptonews", "metaverse"],
    "views": 200,
    "likes": 100,
    "description": "Non-fungible tokens, or NFTs, are the latest cryptocurrency phenomenon to go mainstream. And after Christie's auction house sold the first-ever NFT artwork — a collage of images by digital artist Beeple for a whopping $69.3 million — NFTs have suddenly captured the world's attention.",
    "author": 1,
    "owners": [
        {
            "id": 1,
            "name": "YASHKIB",
            "image": {
                "src": "/images/client/client-9.png"
            }
        },
        {
            "id": 2,
            "name": "Brodband",
            "image": {
                "src": "/images/client/client-15.png"
            }
        },
        {
            "id": 3,
            "name": "Ms. Parkline",
            "image": {
                "src": "/images/client/client-2.png"
            }
        }
    ],
    "comments": [1, 2, 3, 4, 5]
}
