{
    "id": 5,
    "title": "Inspiringy ou to draw.",
    "published_at": "24-JUN-2022 09:03:00",
    "categories": ["Condolance", "CEO marketing", "Marketing"],
    "tags": ["cryptotrading", "eth", "artoftheday"],
    "views": 200,
    "likes": 100,
    "description": "Non-fungible tokens, or NFTs, are the latest cryptocurrency phenomenon to go mainstream. And after Christie's auction house sold the first-ever NFT artwork — a collage of images by digital artist Beeple for a whopping $69.3 million — NFTs have suddenly captured the world's attention.",
    "author": 1,
    "owners": [
        {
            "id": 1,
            "name": "Fatima Afrafy",
            "image": {
                "src": "/images/client/client-13.png"
            }
        },
        {
            "id": 2,
            "name": "Bea Mine",
            "image": {
                "src": "/images/client/client-14.png"
            }
        },
        {
            "id": 3,
            "name": "Harriet Upp",
            "image": {
                "src": "/images/client/client-15.png"
            }
        }
    ],
    "comments": [1, 2, 3, 4, 5]
}
