{
    "id": 7,
    "title": "Is there any risk of buying NFT?",
    "published_at": "25-JUN-2022 10:03:00",
    "categories": ["Condolance", "Marketing", "development"],
    "tags": ["dogecoin", "nftcollectibles", "metaverse"],
    "views": 200,
    "likes": 100,
    "description": "Non-fungible tokens, or NFTs, are the latest cryptocurrency phenomenon to go mainstream. And after Christie's auction house sold the first-ever NFT artwork — a collage of images by digital artist Beeple for a whopping $69.3 million — NFTs have suddenly captured the world's attention.",
    "author": 1,
    "owners": [
        {
            "id": 1,
            "name": "Yash",
            "image": {
                "src": "/images/client/client-8.png"
            }
        },
        {
            "id": 2,
            "name": "Trodband",
            "image": {
                "src": "/images/client/client-7.png"
            }
        },
        {
            "id": 3,
            "name": "Siddhart",
            "image": {
                "src": "/images/client/client-5.png"
            }
        }
    ],
    "comments": [1, 2, 3, 4, 5]
}
