{
    "id": 6,
    "title": "How to launch a crypto exchange  in a week?",
    "published_at": "25-JUN-2022 09:03:00",
    "categories": ["Digital Art", "art", "Marketing"],
    "tags": ["nftcollectibles", "art", "artoftheday"],
    "views": 200,
    "likes": 100,
    "description": "Non-fungible tokens, or NFTs, are the latest cryptocurrency phenomenon to go mainstream. And after Christie's auction house sold the first-ever NFT artwork — a collage of images by digital artist Beeple for a whopping $69.3 million — NFTs have suddenly captured the world's attention.",
    "author": 1,
    "owners": [
        {
            "id": 1,
            "name": "Sobuj Mk",
            "image": {
                "src": "/images/client/client-6.png"
            }
        },
        {
            "id": 2,
            "name": "Methods",
            "image": {
                "src": "/images/client/client-3.png"
            }
        },
        {
            "id": 3,
            "name": "Jone sone",
            "image": {
                "src": "/images/client/client-4.png"
            }
        }
    ],
    "comments": [1, 2, 3, 4, 5]
}
